{
  "category_reference": [
    {
      "mainprocurementcategory": "Goods",
      "award_value_p99": 4192049959.9999986,
      "days_to_award_p95": 25.0,
      "budget_ratio_p05": 0.7387518292682926,
      "budget_ratio_p95": 0.997251111871365
    },
    {
      "mainprocurementcategory": "Services",
      "award_value_p99": 1355354799.999996,
      "days_to_award_p95": 51.0,
      "budget_ratio_p05": 0.7813302811299803,
      "budget_ratio_p95": 0.9993072476231428
    },
    {
      "mainprocurementcategory": "Works",
      "award_value_p99": 24516534745.466003,
      "days_to_award_p95": 28.0,
      "budget_ratio_p05": 0.7999231395348837,
      "budget_ratio_p95": 0.9894461144084168
    }
  ],
  "global_reference": {
    "award_value_p99": 15597607999.999933,
    "days_to_award_p95": 44.0,
    "budget_ratio_p05": 0.765924650344248,
    "budget_ratio_p95": 0.9984095054190695
  }
}