{
  "category_reference": [
    {
      "mainprocurementcategory": "Goods",
      "award_value_p99": 7547099999.999986,
      "days_to_award_p95": 27.0,
      "budget_ratio_p05": 0.8821719443129862,
      "budget_ratio_p95": 0.9991496298714779
    },
    {
      "mainprocurementcategory": "Services",
      "award_value_p99": 15175510860.018421,
      "days_to_award_p95": 48.0,
      "budget_ratio_p05": 0.8678047193049183,
      "budget_ratio_p95": 0.9995149372529032
    },
    {
      "mainprocurementcategory": "Works",
      "award_value_p99": 34394713111.01764,
      "days_to_award_p95": 41.0,
      "budget_ratio_p05": 0.8547483000626543,
      "budget_ratio_p95": 0.9985763059099597
    }
  ],
  "global_reference": {
    "award_value_p99": 21802847569.999863,
    "days_to_award_p95": 43.0,
    "budget_ratio_p05": 0.8667228619170803,
    "budget_ratio_p95": 0.9991472986182218
  }
}