{
  "category_reference": [
    {
      "mainprocurementcategory": "Goods",
      "award_value_p99": 7934798959.999995,
      "days_to_award_p95": 28.0,
      "budget_ratio_p05": 0.7397841839387936,
      "budget_ratio_p95": 0.9973112595090843
    },
    {
      "mainprocurementcategory": "Services",
      "award_value_p99": 12715646745.138315,
      "days_to_award_p95": 67.0,
      "budget_ratio_p05": 0.7626295388890172,
      "budget_ratio_p95": 0.9949722050996102
    },
    {
      "mainprocurementcategory": "Works",
      "award_value_p99": 30303705021.375397,
      "days_to_award_p95": 55.0,
      "budget_ratio_p05": 0.7867819313204236,
      "budget_ratio_p95": 0.9892414593298321
    }
  ],
  "global_reference": {
    "award_value_p99": 22383963280.389313,
    "days_to_award_p95": 59.0,
    "budget_ratio_p05": 0.775955479160656,
    "budget_ratio_p95": 0.993105952804144
  }
}