{
  "category_reference": [
    {
      "mainprocurementcategory": "Goods",
      "award_value_p99": 15518408765.121202,
      "days_to_award_p95": 36.30000000000001,
      "budget_ratio_p05": 0.7142832371720284,
      "budget_ratio_p95": 0.9931343265566588
    },
    {
      "mainprocurementcategory": "Services",
      "award_value_p99": 19123921901.699802,
      "days_to_award_p95": 56.0,
      "budget_ratio_p05": 0.7682914485307776,
      "budget_ratio_p95": 0.9926515385363198
    },
    {
      "mainprocurementcategory": "Works",
      "award_value_p99": 28281955347.50161,
      "days_to_award_p95": 51.0,
      "budget_ratio_p05": 0.7201132368905144,
      "budget_ratio_p95": 0.9759367953794233
    }
  ],
  "global_reference": {
    "award_value_p99": 23845343639.413036,
    "days_to_award_p95": 53.0,
    "budget_ratio_p05": 0.7244757212987961,
    "budget_ratio_p95": 0.9900057090450344
  }
}