{
  "category_reference": [
    {
      "mainprocurementcategory": "Goods",
      "award_value_p99": 5344884999.999997,
      "days_to_award_p95": 35.0,
      "budget_ratio_p05": 0.8327020907504558,
      "budget_ratio_p95": 0.995370624803081
    },
    {
      "mainprocurementcategory": "Services",
      "award_value_p99": 13766103455.270678,
      "days_to_award_p95": 86.0,
      "budget_ratio_p05": 0.8395330734717392,
      "budget_ratio_p95": 0.9968290174023129
    },
    {
      "mainprocurementcategory": "Works",
      "award_value_p99": 22949409953.246056,
      "days_to_award_p95": 61.0,
      "budget_ratio_p05": 0.7554282087583524,
      "budget_ratio_p95": 0.9848666638660236
    }
  ],
  "global_reference": {
    "award_value_p99": 19248416565.241066,
    "days_to_award_p95": 68.0,
    "budget_ratio_p05": 0.7829248198549222,
    "budget_ratio_p95": 0.9937776595476409
  }
}