{
  "category_reference": [
    {
      "mainprocurementcategory": "Goods",
      "award_value_p99": 4507888616.824991,
      "days_to_award_p95": 24.0,
      "budget_ratio_p05": 0.7412112536007411,
      "budget_ratio_p95": 0.9988288279696236
    },
    {
      "mainprocurementcategory": "Services",
      "award_value_p99": 5053947085.369596,
      "days_to_award_p95": 48.0,
      "budget_ratio_p05": 0.8563855221713308,
      "budget_ratio_p95": 0.997682
    },
    {
      "mainprocurementcategory": "Works",
      "award_value_p99": 26876465000.0,
      "days_to_award_p95": 48.0,
      "budget_ratio_p05": 0.8502637498711045,
      "budget_ratio_p95": 0.9946927723617462
    }
  ],
  "global_reference": {
    "award_value_p99": 22682380555.27127,
    "days_to_award_p95": 45.44999999999982,
    "budget_ratio_p05": 0.8445236686038033,
    "budget_ratio_p95": 0.9970328419368555
  }
}