{
  "category_reference": [
    {
      "mainprocurementcategory": "Goods",
      "award_value_p99": 6301794309.999999,
      "days_to_award_p95": 35.64999999999998,
      "budget_ratio_p05": 0.7972226308887965,
      "budget_ratio_p95": 0.999483481619422
    },
    {
      "mainprocurementcategory": "Services",
      "award_value_p99": 6647459109.2825,
      "days_to_award_p95": 79.75,
      "budget_ratio_p05": 0.7735580484478398,
      "budget_ratio_p95": 0.9988002551020408
    },
    {
      "mainprocurementcategory": "Works",
      "award_value_p99": 21879019122.110016,
      "days_to_award_p95": 55.5,
      "budget_ratio_p05": 0.7999688527909803,
      "budget_ratio_p95": 0.9930499930388788
    }
  ],
  "global_reference": {
    "award_value_p99": 14332017867.222618,
    "days_to_award_p95": 58.0,
    "budget_ratio_p05": 0.7958167558748426,
    "budget_ratio_p95": 0.9986842105263158
  }
}