{
  "category_reference": [
    {
      "mainprocurementcategory": "Goods",
      "award_value_p99": 7259400190.000002,
      "days_to_award_p95": 21.099999999999966,
      "budget_ratio_p05": 0.8605705635744633,
      "budget_ratio_p95": 0.998939524378007
    },
    {
      "mainprocurementcategory": "Services",
      "award_value_p99": 14958444509.1492,
      "days_to_award_p95": 50.0,
      "budget_ratio_p05": 0.8441821299748242,
      "budget_ratio_p95": 0.9979677331188153
    },
    {
      "mainprocurementcategory": "Works",
      "award_value_p99": 18286239043.93511,
      "days_to_award_p95": 31.0,
      "budget_ratio_p05": 0.8389599511422452,
      "budget_ratio_p95": 0.9972774253396373
    }
  ],
  "global_reference": {
    "award_value_p99": 14958641701.169199,
    "days_to_award_p95": 37.0,
    "budget_ratio_p05": 0.843306839927774,
    "budget_ratio_p95": 0.9980780810781689
  }
}