{
  "category_reference": [
    {
      "mainprocurementcategory": "Goods",
      "award_value_p99": 6272254999.999995,
      "days_to_award_p95": 21.0,
      "budget_ratio_p05": 0.9174735184786015,
      "budget_ratio_p95": 0.998887033722477
    },
    {
      "mainprocurementcategory": "Services",
      "award_value_p99": 12323347815.892168,
      "days_to_award_p95": 43.0,
      "budget_ratio_p05": 0.8897077143186047,
      "budget_ratio_p95": 0.9963686225114581
    },
    {
      "mainprocurementcategory": "Works",
      "award_value_p99": 11946930279.999994,
      "days_to_award_p95": 29.0,
      "budget_ratio_p05": 0.9361191506880785,
      "budget_ratio_p95": 0.9960351412393673
    }
  ],
  "global_reference": {
    "award_value_p99": 11580028182.802017,
    "days_to_award_p95": 30.0,
    "budget_ratio_p05": 0.9221911495711249,
    "budget_ratio_p95": 0.9972625664772653
  }
}