{
  "category_reference": [
    {
      "mainprocurementcategory": "Goods",
      "award_value_p99": 9091906760.0,
      "days_to_award_p95": 22.0,
      "budget_ratio_p05": 0.798110730063488,
      "budget_ratio_p95": 0.9975087901912755
    },
    {
      "mainprocurementcategory": "Services",
      "award_value_p99": 9808134424.999994,
      "days_to_award_p95": 65.0,
      "budget_ratio_p05": 0.8925749861427422,
      "budget_ratio_p95": 0.9978438919079943
    },
    {
      "mainprocurementcategory": "Works",
      "award_value_p99": 15610832998.3,
      "days_to_award_p95": 36.0,
      "budget_ratio_p05": 0.8404696966950893,
      "budget_ratio_p95": 0.9955525161271532
    }
  ],
  "global_reference": {
    "award_value_p99": 13535918397.342503,
    "days_to_award_p95": 61.0,
    "budget_ratio_p05": 0.8439851750475045,
    "budget_ratio_p95": 0.9968390750112934
  }
}