{
  "category_reference": [
    {
      "mainprocurementcategory": "Goods",
      "award_value_p99": 8606230550.400003,
      "days_to_award_p95": 23.59999999999991,
      "budget_ratio_p05": 0.8959256,
      "budget_ratio_p95": 0.9982668868710528
    },
    {
      "mainprocurementcategory": "Services",
      "award_value_p99": 28804225543.647095,
      "days_to_award_p95": 42.0,
      "budget_ratio_p05": 0.9274223877865835,
      "budget_ratio_p95": 0.9967929133957627
    },
    {
      "mainprocurementcategory": "Works",
      "award_value_p99": 19709950949.999996,
      "days_to_award_p95": 31.0,
      "budget_ratio_p05": 0.8993388214217196,
      "budget_ratio_p95": 0.9961629495005281
    }
  ],
  "global_reference": {
    "award_value_p99": 19559343569.3781,
    "days_to_award_p95": 34.84999999999991,
    "budget_ratio_p05": 0.9002641259708,
    "budget_ratio_p95": 0.9971826778229798
  }
}