{
  "category_reference": [
    {
      "mainprocurementcategory": "Goods",
      "award_value_p99": 10718002779.999977,
      "days_to_award_p95": 27.0,
      "budget_ratio_p05": 0.8079001784615428,
      "budget_ratio_p95": 0.9974187014908302
    },
    {
      "mainprocurementcategory": "Services",
      "award_value_p99": 16307638119.621632,
      "days_to_award_p95": 56.0,
      "budget_ratio_p05": 0.7548970530792553,
      "budget_ratio_p95": 0.9983894820960457
    },
    {
      "mainprocurementcategory": "Works",
      "award_value_p99": 49581016099.99997,
      "days_to_award_p95": 38.0,
      "budget_ratio_p05": 0.729356887664494,
      "budget_ratio_p95": 0.984125851257624
    }
  ],
  "global_reference": {
    "award_value_p99": 34148530699.99984,
    "days_to_award_p95": 49.0,
    "budget_ratio_p05": 0.7488810922873832,
    "budget_ratio_p95": 0.9973678594582108
  }
}