lspe_id,nama_daerah,mainprocurementcategory,award_value_p99,days_to_award_p95,budget_ratio_p05,budget_ratio_p95
15,Jawa Timur,Goods,22909656000.00005,28.0,0.708152844460122,0.9952841568466995
15,Jawa Timur,Services,3527593000.000001,53.0,0.7966566248486849,0.9968919968919968
15,Jawa Timur,Works,51954154799.99992,36.59999999999991,0.7688571580243214,0.9873272732621844
