{
  "category_reference": [
    {
      "mainprocurementcategory": "Goods",
      "award_value_p99": 24153372319.999916,
      "days_to_award_p95": 27.09999999999991,
      "budget_ratio_p05": 0.71056867616872,
      "budget_ratio_p95": 0.9965053721033079
    },
    {
      "mainprocurementcategory": "Services",
      "award_value_p99": 3591022900.0000014,
      "days_to_award_p95": 54.0,
      "budget_ratio_p05": 0.7941195281089376,
      "budget_ratio_p95": 0.996463161627274
    },
    {
      "mainprocurementcategory": "Works",
      "award_value_p99": 46871339399.999954,
      "days_to_award_p95": 36.0,
      "budget_ratio_p05": 0.7378200697739151,
      "budget_ratio_p95": 0.9877741646691155
    }
  ],
  "global_reference": {
    "award_value_p99": 30879502320.92011,
    "days_to_award_p95": 47.0,
    "budget_ratio_p05": 0.7506532874544944,
    "budget_ratio_p95": 0.9947581214063331
  }
}